<?xml version="1.0" encoding="UTF-8"?>
<!-- Product Version: Vivado v2020.2 (64-bit)                     -->
<!--                                                              -->
<!-- Copyright 1986-2020 Xilinx, Inc. All Rights Reserved.        -->

<hwsession version="1" minor="2">
  <device name="xc7a100t_0" gui_info="dashboard1=hw_ila_1[xc7a100t_0/hw_ila_1/Settings=ILA_SETTINGS_1;xc7a100t_0/hw_ila_1/Trigger Setup=ILA_TRIGGER_1;xc7a100t_0/hw_ila_1/Capture Setup=ILA_CAPTURE_1;xc7a100t_0/hw_ila_1/Status=ILA_STATUS_1;xc7a100t_0/hw_ila_1/Waveform=ILA_WAVE_1;]"/>
  <ObjectList object_type="hw_device" gui_info="">
    <Object name="xc7a100t_0" gui_info="">
      <Properties Property="FULL_PROBES.FILE" value=""/>
      <Properties Property="PROBES.FILE" value=""/>
      <Properties Property="PROGRAM.HW_BITSTREAM" value="$_project_name_.runs/impl_1/TOP.bit"/>
      <Properties Property="SLR.COUNT" value="1"/>
    </Object>
  </ObjectList>
  <ObjectList object_type="hw_ila" gui_info="">
    <Object name="u_ov5640_ddr_lcd/ddr_2fifo_top_inst/bank_switch_inst/fps_debug" gui_info="">
      <Properties Property="CONTROL.TRIGGER_CONDITION" value="AND"/>
      <Properties Property="CORE_REFRESH_RATE_MS" value="500"/>
    </Object>
    <Object name="u_ov5640_ddr_lcd/ila_video" gui_info="">
      <Properties Property="CONTROL.TRIGGER_CONDITION" value="AND"/>
      <Properties Property="CORE_REFRESH_RATE_MS" value="500"/>
    </Object>
  </ObjectList>
  <probeset name="hw project" active="false">
    <probe type="ila" busType="net" source="netlist" spec="ILA_V2_RT">
      <probeOptions Id="DebugProbeParams">
        <Option Id="CAPTURE_COMPARE_VALUE" value="eq8&apos;hXX"/>
        <Option Id="COMPARE_VALUE.0" value="eq8&apos;hXX"/>
        <Option Id="DISPLAY_AS_ENUM" value="1"/>
        <Option Id="DISPLAY_HINT" value=""/>
        <Option Id="DISPLAY_RADIX" value="HEX"/>
        <Option Id="DISPLAY_VISIBILITY" value=""/>
        <Option Id="HW_ILA" value="hw_ila_1"/>
        <Option Id="LINK_TO_WAVEFORM" value="1"/>
        <Option Id="MAP" value="probe2[7:0]"/>
        <Option Id="NAME.CUSTOM" value=""/>
        <Option Id="NAME.SELECT" value="Long"/>
        <Option Id="SOURCE" value="netlist"/>
        <Option Id="TRIGGER_COMPARE_VALUE" value="eq8&apos;hXX"/>
        <Option Id="WAVEFORM_STYLE" value="Digital"/>
      </probeOptions>
      <nets>
        <net name="u_ov5640_ddr_lcd/cmos_d[7]"/>
        <net name="u_ov5640_ddr_lcd/cmos_d[6]"/>
        <net name="u_ov5640_ddr_lcd/cmos_d[5]"/>
        <net name="u_ov5640_ddr_lcd/cmos_d[4]"/>
        <net name="u_ov5640_ddr_lcd/cmos_d[3]"/>
        <net name="u_ov5640_ddr_lcd/cmos_d[2]"/>
        <net name="u_ov5640_ddr_lcd/cmos_d[1]"/>
        <net name="u_ov5640_ddr_lcd/cmos_d[0]"/>
      </nets>
    </probe>
    <probe type="ila" busType="net" source="netlist" spec="ILA_V2_RT">
      <probeOptions Id="DebugProbeParams">
        <Option Id="CAPTURE_COMPARE_VALUE" value="eq1&apos;bX"/>
        <Option Id="COMPARE_VALUE.0" value="eq1&apos;bX"/>
        <Option Id="DISPLAY_AS_ENUM" value="1"/>
        <Option Id="DISPLAY_HINT" value=""/>
        <Option Id="DISPLAY_RADIX" value="HEX"/>
        <Option Id="DISPLAY_VISIBILITY" value=""/>
        <Option Id="HW_ILA" value="hw_ila_1"/>
        <Option Id="LINK_TO_WAVEFORM" value="1"/>
        <Option Id="MAP" value="probe1[0]"/>
        <Option Id="NAME.CUSTOM" value=""/>
        <Option Id="NAME.SELECT" value="Long"/>
        <Option Id="SOURCE" value="netlist"/>
        <Option Id="TRIGGER_COMPARE_VALUE" value="eq1&apos;bX"/>
        <Option Id="WAVEFORM_STYLE" value="Digital"/>
      </probeOptions>
      <nets>
        <net name="u_ov5640_ddr_lcd/cmos_href"/>
      </nets>
    </probe>
    <probe type="ila" busType="net" source="netlist" spec="ILA_V2_RT">
      <probeOptions Id="DebugProbeParams">
        <Option Id="CAPTURE_COMPARE_VALUE" value="eq1&apos;bX"/>
        <Option Id="COMPARE_VALUE.0" value="eq1&apos;bX"/>
        <Option Id="DISPLAY_AS_ENUM" value="1"/>
        <Option Id="DISPLAY_HINT" value=""/>
        <Option Id="DISPLAY_RADIX" value="HEX"/>
        <Option Id="DISPLAY_VISIBILITY" value=""/>
        <Option Id="HW_ILA" value="hw_ila_1"/>
        <Option Id="LINK_TO_WAVEFORM" value="1"/>
        <Option Id="MAP" value="probe0[0]"/>
        <Option Id="NAME.CUSTOM" value=""/>
        <Option Id="NAME.SELECT" value="Long"/>
        <Option Id="SOURCE" value="netlist"/>
        <Option Id="TRIGGER_COMPARE_VALUE" value="eq1&apos;bX"/>
        <Option Id="WAVEFORM_STYLE" value="Digital"/>
      </probeOptions>
      <nets>
        <net name="u_ov5640_ddr_lcd/cmos_vsync"/>
      </nets>
    </probe>
    <probe type="ila" busType="net" source="netlist" spec="ILA_V2_RT">
      <probeOptions Id="DebugProbeParams">
        <Option Id="CAPTURE_COMPARE_VALUE" value="eq28&apos;hXXX_XXXX"/>
        <Option Id="COMPARE_VALUE.0" value="eq28&apos;hXXX_XXXX"/>
        <Option Id="DISPLAY_AS_ENUM" value="1"/>
        <Option Id="DISPLAY_HINT" value=""/>
        <Option Id="DISPLAY_RADIX" value="UNSIGNED"/>
        <Option Id="DISPLAY_VISIBILITY" value=""/>
        <Option Id="HW_ILA" value="hw_ila_1"/>
        <Option Id="LINK_TO_WAVEFORM" value="1"/>
        <Option Id="MAP" value="probe0[27:0]"/>
        <Option Id="NAME.CUSTOM" value=""/>
        <Option Id="NAME.SELECT" value="Long"/>
        <Option Id="SOURCE" value="netlist"/>
        <Option Id="TRIGGER_COMPARE_VALUE" value="eq28&apos;hXXX_XXXX"/>
        <Option Id="WAVEFORM_STYLE" value="Digital"/>
      </probeOptions>
      <nets>
        <net name="u_ov5640_ddr_lcd/ddr_2fifo_top_inst/bank_switch_inst/fps_in_cnt_l[27]"/>
        <net name="u_ov5640_ddr_lcd/ddr_2fifo_top_inst/bank_switch_inst/fps_in_cnt_l[26]"/>
        <net name="u_ov5640_ddr_lcd/ddr_2fifo_top_inst/bank_switch_inst/fps_in_cnt_l[25]"/>
        <net name="u_ov5640_ddr_lcd/ddr_2fifo_top_inst/bank_switch_inst/fps_in_cnt_l[24]"/>
        <net name="u_ov5640_ddr_lcd/ddr_2fifo_top_inst/bank_switch_inst/fps_in_cnt_l[23]"/>
        <net name="u_ov5640_ddr_lcd/ddr_2fifo_top_inst/bank_switch_inst/fps_in_cnt_l[22]"/>
        <net name="u_ov5640_ddr_lcd/ddr_2fifo_top_inst/bank_switch_inst/fps_in_cnt_l[21]"/>
        <net name="u_ov5640_ddr_lcd/ddr_2fifo_top_inst/bank_switch_inst/fps_in_cnt_l[20]"/>
        <net name="u_ov5640_ddr_lcd/ddr_2fifo_top_inst/bank_switch_inst/fps_in_cnt_l[19]"/>
        <net name="u_ov5640_ddr_lcd/ddr_2fifo_top_inst/bank_switch_inst/fps_in_cnt_l[18]"/>
        <net name="u_ov5640_ddr_lcd/ddr_2fifo_top_inst/bank_switch_inst/fps_in_cnt_l[17]"/>
        <net name="u_ov5640_ddr_lcd/ddr_2fifo_top_inst/bank_switch_inst/fps_in_cnt_l[16]"/>
        <net name="u_ov5640_ddr_lcd/ddr_2fifo_top_inst/bank_switch_inst/fps_in_cnt_l[15]"/>
        <net name="u_ov5640_ddr_lcd/ddr_2fifo_top_inst/bank_switch_inst/fps_in_cnt_l[14]"/>
        <net name="u_ov5640_ddr_lcd/ddr_2fifo_top_inst/bank_switch_inst/fps_in_cnt_l[13]"/>
        <net name="u_ov5640_ddr_lcd/ddr_2fifo_top_inst/bank_switch_inst/fps_in_cnt_l[12]"/>
        <net name="u_ov5640_ddr_lcd/ddr_2fifo_top_inst/bank_switch_inst/fps_in_cnt_l[11]"/>
        <net name="u_ov5640_ddr_lcd/ddr_2fifo_top_inst/bank_switch_inst/fps_in_cnt_l[10]"/>
        <net name="u_ov5640_ddr_lcd/ddr_2fifo_top_inst/bank_switch_inst/fps_in_cnt_l[9]"/>
        <net name="u_ov5640_ddr_lcd/ddr_2fifo_top_inst/bank_switch_inst/fps_in_cnt_l[8]"/>
        <net name="u_ov5640_ddr_lcd/ddr_2fifo_top_inst/bank_switch_inst/fps_in_cnt_l[7]"/>
        <net name="u_ov5640_ddr_lcd/ddr_2fifo_top_inst/bank_switch_inst/fps_in_cnt_l[6]"/>
        <net name="u_ov5640_ddr_lcd/ddr_2fifo_top_inst/bank_switch_inst/fps_in_cnt_l[5]"/>
        <net name="u_ov5640_ddr_lcd/ddr_2fifo_top_inst/bank_switch_inst/fps_in_cnt_l[4]"/>
        <net name="u_ov5640_ddr_lcd/ddr_2fifo_top_inst/bank_switch_inst/fps_in_cnt_l[3]"/>
        <net name="u_ov5640_ddr_lcd/ddr_2fifo_top_inst/bank_switch_inst/fps_in_cnt_l[2]"/>
        <net name="u_ov5640_ddr_lcd/ddr_2fifo_top_inst/bank_switch_inst/fps_in_cnt_l[1]"/>
        <net name="u_ov5640_ddr_lcd/ddr_2fifo_top_inst/bank_switch_inst/fps_in_cnt_l[0]"/>
      </nets>
    </probe>
    <probe type="ila" busType="net" source="netlist" spec="ILA_V2_RT">
      <probeOptions Id="DebugProbeParams">
        <Option Id="CAPTURE_COMPARE_VALUE" value="eq28&apos;hXXX_XXXX"/>
        <Option Id="COMPARE_VALUE.0" value="eq28&apos;hXXX_XXXX"/>
        <Option Id="DISPLAY_AS_ENUM" value="1"/>
        <Option Id="DISPLAY_HINT" value=""/>
        <Option Id="DISPLAY_RADIX" value="UNSIGNED"/>
        <Option Id="DISPLAY_VISIBILITY" value=""/>
        <Option Id="HW_ILA" value="hw_ila_1"/>
        <Option Id="LINK_TO_WAVEFORM" value="1"/>
        <Option Id="MAP" value="probe1[27:0]"/>
        <Option Id="NAME.CUSTOM" value=""/>
        <Option Id="NAME.SELECT" value="Long"/>
        <Option Id="SOURCE" value="netlist"/>
        <Option Id="TRIGGER_COMPARE_VALUE" value="eq28&apos;hXXX_XXXX"/>
        <Option Id="WAVEFORM_STYLE" value="Digital"/>
      </probeOptions>
      <nets>
        <net name="u_ov5640_ddr_lcd/ddr_2fifo_top_inst/bank_switch_inst/fps_out_cnt_l[27]"/>
        <net name="u_ov5640_ddr_lcd/ddr_2fifo_top_inst/bank_switch_inst/fps_out_cnt_l[26]"/>
        <net name="u_ov5640_ddr_lcd/ddr_2fifo_top_inst/bank_switch_inst/fps_out_cnt_l[25]"/>
        <net name="u_ov5640_ddr_lcd/ddr_2fifo_top_inst/bank_switch_inst/fps_out_cnt_l[24]"/>
        <net name="u_ov5640_ddr_lcd/ddr_2fifo_top_inst/bank_switch_inst/fps_out_cnt_l[23]"/>
        <net name="u_ov5640_ddr_lcd/ddr_2fifo_top_inst/bank_switch_inst/fps_out_cnt_l[22]"/>
        <net name="u_ov5640_ddr_lcd/ddr_2fifo_top_inst/bank_switch_inst/fps_out_cnt_l[21]"/>
        <net name="u_ov5640_ddr_lcd/ddr_2fifo_top_inst/bank_switch_inst/fps_out_cnt_l[20]"/>
        <net name="u_ov5640_ddr_lcd/ddr_2fifo_top_inst/bank_switch_inst/fps_out_cnt_l[19]"/>
        <net name="u_ov5640_ddr_lcd/ddr_2fifo_top_inst/bank_switch_inst/fps_out_cnt_l[18]"/>
        <net name="u_ov5640_ddr_lcd/ddr_2fifo_top_inst/bank_switch_inst/fps_out_cnt_l[17]"/>
        <net name="u_ov5640_ddr_lcd/ddr_2fifo_top_inst/bank_switch_inst/fps_out_cnt_l[16]"/>
        <net name="u_ov5640_ddr_lcd/ddr_2fifo_top_inst/bank_switch_inst/fps_out_cnt_l[15]"/>
        <net name="u_ov5640_ddr_lcd/ddr_2fifo_top_inst/bank_switch_inst/fps_out_cnt_l[14]"/>
        <net name="u_ov5640_ddr_lcd/ddr_2fifo_top_inst/bank_switch_inst/fps_out_cnt_l[13]"/>
        <net name="u_ov5640_ddr_lcd/ddr_2fifo_top_inst/bank_switch_inst/fps_out_cnt_l[12]"/>
        <net name="u_ov5640_ddr_lcd/ddr_2fifo_top_inst/bank_switch_inst/fps_out_cnt_l[11]"/>
        <net name="u_ov5640_ddr_lcd/ddr_2fifo_top_inst/bank_switch_inst/fps_out_cnt_l[10]"/>
        <net name="u_ov5640_ddr_lcd/ddr_2fifo_top_inst/bank_switch_inst/fps_out_cnt_l[9]"/>
        <net name="u_ov5640_ddr_lcd/ddr_2fifo_top_inst/bank_switch_inst/fps_out_cnt_l[8]"/>
        <net name="u_ov5640_ddr_lcd/ddr_2fifo_top_inst/bank_switch_inst/fps_out_cnt_l[7]"/>
        <net name="u_ov5640_ddr_lcd/ddr_2fifo_top_inst/bank_switch_inst/fps_out_cnt_l[6]"/>
        <net name="u_ov5640_ddr_lcd/ddr_2fifo_top_inst/bank_switch_inst/fps_out_cnt_l[5]"/>
        <net name="u_ov5640_ddr_lcd/ddr_2fifo_top_inst/bank_switch_inst/fps_out_cnt_l[4]"/>
        <net name="u_ov5640_ddr_lcd/ddr_2fifo_top_inst/bank_switch_inst/fps_out_cnt_l[3]"/>
        <net name="u_ov5640_ddr_lcd/ddr_2fifo_top_inst/bank_switch_inst/fps_out_cnt_l[2]"/>
        <net name="u_ov5640_ddr_lcd/ddr_2fifo_top_inst/bank_switch_inst/fps_out_cnt_l[1]"/>
        <net name="u_ov5640_ddr_lcd/ddr_2fifo_top_inst/bank_switch_inst/fps_out_cnt_l[0]"/>
      </nets>
    </probe>
  </probeset>
</hwsession>
